NaN,-1.998071064899,-1.944700809667,-1.894666195387,-1.844631581107,-1.794596966828,-1.744562352548,-1.694527738268,-1.64782876494,-1.597794150661,-1.544423895429,-1.494389281149,-1.44435466687,-1.39432005259,-1.34428543831,-1.29425082403,-1.244216209751,-1.194181595471,-1.144146981191,-1.097448007863,-1.047413393584,-0.994043138352001,-0.944008524072,-0.897309550745002,-0.843939295513002,-0.793904681233002,-0.743870066953001,-0.693835452674,-0.647136479346002,-0.597101865066001,-0.547067250787,-0.497032636507,-0.446998022227002,-0.396963407947002,-0.346928793668001,-0.296894179388,-0.246859565108,-0.196824950828002,-0.150125977501,-0.0967557222690011,-0.0467211079890003,-2.21346620019176e-05,0.0533481205700009,0.103382734849998,0.150081708178001,0.203451963408999,0.253486577689,0.303521191969001,0.346884524344998,0.403590420527998,0.453625034807999,0.500324008135998,0.553694263367001,0.600393236694999,0.650427850975,0.703798106206999,0.753832720486,0.800531693813999,0.853901949045998,0.900600922373,0.950635536653001,1.004005791885,1.050704765213,1.100739379492,1.154109634724,1.204144249004,1.250843222331,1.304213477563,1.354248091843,1.400947065171,1.454317320402,1.504351934682,1.554386548962,1.60108552229,1.654455777521,1.704490391801,1.751189365129,1.80455962036,1.85459423464,1.901293207968,1.9546634632,2.004698077479,2.051397050807,2.104767306039,2.154801920318,2.201500893646,2.254871148878,2.304905763158,2.351604736485,2.401639350765,2.455009605997,2.501708579325,2.555078834556,2.605113448836,2.651812422164,2.705182677395,2.755217291675,2.805251905955,2.851950879283,2.905321134514,2.955355748794,3.002054722122
2741.67900422219,-0.0011581380612971,-0.000706506259381281,9.93294818503046e-06,-0.000348498042807208,0.000140276274945335,-0.000280763763973456,0.000245628820680975,-0.000714273051333678,-0.000234850669912208,-0.000249644312022063,0.000188303241097413,0.000237756421687185,-0.000475037438561805,0.000389656396237619,-0.00108628268408086,-0.000800710856576981,-0.0002530258148622,-0.000506262497554591,-0.000146193731789278,-3.79880646730596e-05,0.000394517090162444,-0.000359540384305755,0.000223438184389894,0.000145348529205541,-0.00060865631486826,0.000392350933929811,-0.00101294811577994,0.000602104869523366,0.000643950188101722,0.00136884280651578,0.000997626092210528,0.000436890790200359,0.000297354110797368,0.000691976808001205,0.0015790195165275,0.0026816809870969,0.00291954301582547,0.00298310321962975,0.00375787213930434,0.00310108325124261,0.00460322845919327,0.00289571460476132,0.00432690261472647,0.00298917926016208,0.00228436375220087,0.00344392802793566,0.00250679815031864,0.00307699064944868,0.00369246294664421,0.0040049804973226,0.00253284569426242,0.00307049218075078,0.0035969903724466,0.00277773457314846,0.00352909785617706,0.00265996610187098,0.00185254521626071,0.00203239470025778,0.00171248015539816,0.00208876947021622,0.00225408950283321,0.00196672097061527,0.00112590886977959,0.00156142572968406,0.00186004781748333,0.00244846843821036,0.0020141665786608,0.00111914586409932,0.00206647322688374,0.00160601821634901,0.00201913322587961,0.00131658948119242,0.0016100337076901,0.00171105359470788,0.00163349232098308,0.00223686516750835,0.000938873605684083,0.00144497786580288,0.00172516061792238,0.000999105283295217,0.00128393751525675,0.00159608526816398,0.000698528253346098,0.00185582076580686,0.00186686345355801,0.00111645132640713,0.00059729680599294,0.0015751626088748,0.000853915337778062,0.000859832794622005,0.00117324852453113,0.00203921033633246,0.0018501148692983,0.00114123089334901,0.000814606319456106,0.00167502047218466,0.000805360336419021,0.000670895911276235,0.00084683551097361,0.0015131875494492,0.0018733619222559
2748.76305662452,-0.00113091063680462,-0.000738322852065713,-6.06419496081233e-05,-0.000362140988550419,9.54168035365868e-05,-0.00031760318672751,0.000181523484239841,-0.000712254244286753,-0.00029389995501432,-0.000288716377821664,7.66956369167527e-05,0.000160890096422385,-0.0005360149283857,0.000295258760004696,-0.00107993137375185,-0.000800323606664213,-0.000328272114551218,-0.000519810189454354,-0.000108350516279935,-4.21222950875902e-05,0.000391480622517378,-0.00035267981409437,0.000216398929314437,0.000124907489126262,-0.000605111811181514,0.000399885095228484,-0.000940731366891859,0.000591322578985487,0.000600280467903839,0.00135732448658939,0.000972335785778457,0.000440799636948414,0.000373212610765693,0.000722973632587046,0.00160235858204082,0.00268485618434366,0.00294378010313726,0.0030690398261785,0.00384042649326732,0.00320562281420387,0.0046600751432352,0.00293009146208736,0.0043677856359801,0.00300955516946145,0.00233922203797002,0.00348457591432405,0.00250131988776007,0.00312424655582512,0.00379347285490205,0.00405893915587868,0.00259784385351818,0.00313753250248345,0.00358512616438374,0.00283407078186695,0.00357178975724883,0.00274046560838185,0.00188000333764721,0.00205282057573755,0.00174714453067799,0.00213817232813426,0.00233071697411279,0.0019968084573078,0.00114359270677912,0.00159964097206007,0.00188503586321715,0.00245819102159708,0.00208155633302068,0.00119955436473228,0.00203284119527347,0.0016148896003926,0.00201064782017337,0.00131323950982759,0.001615191373831,0.0017588200295771,0.0016860998866783,0.0022589529418128,0.000894583117309724,0.00149783283796316,0.00175242869901678,0.000965642351972708,0.00135048033096796,0.00158323472102942,0.000704906803127626,0.00186706962490386,0.00188931346048054,0.00111158592330799,0.000608684940614945,0.00155832373594857,0.000888996845725503,0.000883108800702885,0.00117071801630302,0.00206062084195779,0.00180572320746578,0.00112698527345621,0.000838973693271541,0.00163471759942693,0.000773047245517592,0.000706970075947964,0.000884165832254864,0.00150689131802765,0.00185670280032559
2755.88381193849,-0.00121778364123104,-0.000811872695914127,-0.000172630033292401,-0.000431195039810752,3.29351040578476e-05,-0.000421365048225169,0.00011968063734394,-0.000826617517262173,-0.000356914067351199,-0.000375104018000344,4.7627459822321e-06,8.65429762862203e-05,-0.000606409169124469,0.000249140460993167,-0.00113255828162595,-0.000821398519939246,-0.000261402464819834,-0.000485562998879627,-0.000138833563894115,-2.63988221144427e-05,0.000425063871867091,-0.0002906892184554,0.000265152093742051,0.000156162481263478,-0.000608385262085514,0.000417109026803272,-0.000937734974421368,0.000575855604088065,0.000594603084577841,0.00134957419862142,0.000918278212371385,0.00037064510751792,0.000359548636592154,0.000767081034090011,0.00169569563054666,0.00277601379778436,0.00298157893513461,0.0030938619251947,0.00395675839731589,0.00330895255450942,0.00483115711848389,0.00296607402694606,0.0044207869306239,0.00309213919451383,0.0023913331504786,0.00358266782843621,0.00256801664819303,0.00324186667233384,0.0039423177435283,0.00424086086060824,0.00263140403878734,0.00321100893973697,0.00368547546769083,0.00295056945081816,0.00367964846730763,0.00284593747032208,0.00190131124111655,0.00207591736736999,0.00177144630346758,0.00216235906515628,0.00238211149401394,0.00206319944426329,0.00118327789027255,0.00164598913896008,0.00198699285206233,0.00254607706862166,0.00211427402575064,0.00123855801996216,0.00207100253760753,0.00163605820093522,0.00203989177479115,0.00134126471277749,0.00168307898593989,0.00178943369711685,0.00166919586199293,0.0023332663677678,0.000970923440759383,0.00158711146412848,0.00184663944654786,0.00100694903333823,0.00139512594728603,0.00163626075793509,0.00075233654480262,0.00190886097218062,0.00193090216231258,0.0011512044836158,0.000621407020692028,0.00163296738035356,0.000923193042133848,0.000914021858888832,0.00124337157122469,0.00209324628473936,0.00184815928816821,0.00114527620473266,0.000879516107930339,0.00165404559458449,0.000843591793851432,0.000721276255205881,0.000918683326371128,0.00156669205823813,0.00189457240217327
2763.041556145,-0.0012046944835009,-0.000805650106189296,-0.000167199313599647,-0.000451383375909459,-1.17133740859251e-05,-0.000456968314228329,9.62272272787782e-05,-0.000778368348107848,-0.000396820183642541,-0.00038327809287458,7.11696628663952e-06,9.83030765907098e-05,-0.000589670115187126,0.00021168027191715,-0.00103368939218005,-0.00078602913573865,-0.000214744651748666,-0.000414464416949995,-5.02142409935056e-05,4.08730810378016e-05,0.000474217070548754,-0.000227495788542569,0.000301976639974399,0.000233327535595358,-0.000492750722207053,0.000504118175390319,-0.000867824853898622,0.000594464099531938,0.000621004459723697,0.00137303034808129,0.000937560953174035,0.000404035938201943,0.000428253316451875,0.000853541365240974,0.00176767589413913,0.00285157952731269,0.00306276553397005,0.00320031055146205,0.00406571363514608,0.00345350651403393,0.00497441157008251,0.00308031065510876,0.00453785518027888,0.00314396819859747,0.00247630781907559,0.00367783913447222,0.00265611024900799,0.00335683457757973,0.00409245157188337,0.0043558288805734,0.00272045931040603,0.00329708160008499,0.003737987265058,0.00302915776357602,0.00375923937564516,0.00292749361843953,0.00199650581020797,0.00213622578918064,0.00183118476937473,0.00224421594662972,0.00248065709424498,0.00214556694913635,0.00119693490759734,0.001711777926554,0.0020394547405577,0.00264592890288983,0.00220008090921487,0.00131046044728091,0.00211749423708084,0.00169981741983818,0.00204479254624668,0.00139027910440171,0.00172759344317941,0.0018143810461257,0.00168731341567417,0.00236159617232691,0.000963459027644846,0.00162647344328306,0.00187309593701648,0.00110322823880591,0.00143797246301189,0.00166551780763883,0.000796111369688065,0.00197154703406835,0.00198182716845927,0.00116762685628833,0.00064052664190158,0.00167283235047099,0.000927972984484411,0.000970378093489983,0.00128574880377119,0.00214319441111015,0.00189459485633756,0.00124077325629791,0.000892141020421317,0.00168904334408344,0.000884579344959256,0.000789587456933981,0.000938302351063723,0.00157240419237996,0.00198553383401173
2770.23657820378,-0.00121066731974494,-0.000820728030245192,-0.00017509934160059,-0.000393267807372315,-1.36164837485635e-05,-0.000454491912703,8.95166725000835e-05,-0.000740541519550539,-0.000321654271069128,-0.000346769361242514,8.57846077779111e-05,0.000159869000958796,-0.000515312801689278,0.000322410797472693,-0.000897888765830786,-0.000669432664688263,-3.35370236882992e-05,-0.000298153037788973,0.000102880980780792,0.000222001004074799,0.000680124177413869,-0.000125625687657382,0.000459787267022753,0.000365933705283886,-0.000422316239934877,0.000537704529011912,-0.000837219248226261,0.000620866578025172,0.000679014671456348,0.00142207761518024,0.000959163438457122,0.000444102812235699,0.000499981326456181,0.000976865296987015,0.00194616566044358,0.00305395166890253,0.00323817923363115,0.00339920830784312,0.00435842231359589,0.00366100015500694,0.00524718285629865,0.00327907958267769,0.00483157388889935,0.00335538298777362,0.00261423631320127,0.00394588968860131,0.00280199433447986,0.00360002789463891,0.0043638690392974,0.0046350409545519,0.00292822517715905,0.00353577768369396,0.00395047908381314,0.0032741372079119,0.00404483699648772,0.00312057226314427,0.00214421131709297,0.00226368465044613,0.00195852126685287,0.00237518950341924,0.00264096526026789,0.00221708540023023,0.00133372101593333,0.00187777983792686,0.00221713596752588,0.00284128049612797,0.00235426026160809,0.00144149380418426,0.00218949912267395,0.00182855835945151,0.00219539963201551,0.00149379162506432,0.0018203380341088,0.00195009933333796,0.0018387455212414,0.00248845925416213,0.00106486858617477,0.00177096518425169,0.00202302365326567,0.00118151775259108,0.00153968458566711,0.00175109521160761,0.000851037670652229,0.00205761994612104,0.00213493205308839,0.00129690571116291,0.000715829976226761,0.00180475471391305,0.00104222468338428,0.00107243351970522,0.00143029794052295,0.00227412398770388,0.00201545905024043,0.00128480194971628,0.000993305947672434,0.00175149842795201,0.000918868574937592,0.000911354208702797,0.00101196561027289,0.00171130436851859,0.00209509064270372
2777.46917009221,-0.00123154983570109,-0.000817375708603392,-0.000117209693651914,-0.000425446408288261,0.000117658479886172,-0.00037517090976128,0.000206488736380743,-0.000673781110642967,-0.000227835663829366,-0.000253372352349165,0.000227935357785264,0.000315568306212764,-0.000381455224502617,0.00043761626194734,-0.000780267330159906,-0.000485697185982834,0.000169978848538078,-0.000134117788572327,0.000302949666319427,0.000344147785012762,0.000850393693066171,-1.05737697684126e-05,0.000570287670995564,0.000506196224508174,-0.00036414802689318,0.000609590297065108,-0.000776526682188416,0.000670289860993939,0.000673631406276405,0.00141240186274071,0.000884160199361763,0.0004460451407695,0.000585849080347772,0.00118581286365822,0.00215341657724173,0.00325798082803512,0.0034353416054257,0.00364821435050368,0.00469053263702281,0.00389754664614823,0.0055907530423817,0.00352691458973649,0.0050779230839884,0.00356058140207618,0.00287587710252102,0.00423805315027998,0.00301488283672124,0.00387375574588566,0.00467656731156126,0.00497672391278838,0.00315498585816721,0.00378337941591109,0.00420623214701884,0.00351599172768972,0.0043323198325926,0.00336287096366139,0.00232588940900442,0.0025084372138906,0.00213466300010819,0.00257462321404815,0.00291308484805497,0.00245272528954557,0.00146282706563425,0.00209546006799455,0.0024451936563265,0.00306800141075119,0.00255437324697984,0.00160372796559284,0.00238324710078536,0.00197291364248048,0.00230863189494022,0.00166392873287675,0.00197929765117771,0.0021055850515287,0.00199919852596766,0.00264514867964344,0.0011530442775179,0.00198643018170776,0.00216857888390492,0.00132357193311157,0.0017251270934505,0.00192208933689791,0.00101224274464978,0.00223277002434821,0.0023318246314674,0.00142836237478194,0.000832588025677241,0.00191770018791494,0.00114975241578067,0.00122770916690827,0.0015866201558952,0.00242998133925265,0.00221740800290779,0.00140367357518542,0.00112316812356036,0.00184702534481851,0.00107229413443256,0.00101279155170537,0.00117030146471667,0.00180971790532866,0.00225232147999437
2784.73962684489,-0.00112871208649666,-0.000720293842367583,-1.6900536269398e-05,-0.000293840952156843,0.000280072045166233,-0.000214198134822833,0.000319920523849038,-0.00053503656221415,-6.78717836663417e-05,-0.000105344470374256,0.000377317096041939,0.000429854511934692,-0.000233312396828739,0.000537898552904188,-0.000622724659015111,-0.000369380096638187,0.000383472782249147,8.47723199357397e-05,0.000399779193596614,0.000537142361743875,0.00100835702696917,0.000140603077489247,0.000737896075909278,0.000615867275535606,-0.000231962788459327,0.000729040819106831,-0.00071921387258692,0.000697723818606124,0.000746157207789795,0.00147179640517267,0.000917483514714234,0.000440221443344934,0.000594269295348027,0.00126288983918995,0.00231946440292922,0.00345875962710611,0.00365627343192953,0.00383440298230187,0.00487823482265601,0.00412565193621384,0.00590889188094147,0.00373332425101866,0.00529091880587614,0.00374844276637869,0.00303587042485771,0.00442381276749333,0.00324537111576236,0.00409671072768803,0.00490949803698153,0.00522563866659825,0.00342792847146413,0.0039827813468129,0.00441150174893533,0.00375551600227176,0.00449508617288363,0.00357225694929768,0.00246093124392915,0.00265871504119773,0.0023250259642145,0.00269813146119699,0.00307458479372825,0.00260445009828362,0.00161304739375903,0.00228987528330629,0.00262043273101074,0.00326534914127894,0.00271503199746639,0.00180413587378649,0.002555638790448,0.00212470430873265,0.00240110473972976,0.00174306733356806,0.00211730694036281,0.00225812622412204,0.00212751215939108,0.00283112131790283,0.00128275993849975,0.00212119476080191,0.00232356807578189,0.00149166650448248,0.00184220233155992,0.00201417654958148,0.00113346367044644,0.0023633624144331,0.00250299344834846,0.00156823147871288,0.000954577928913785,0.00209279318331001,0.00125754413031824,0.00130344001514505,0.00165343585733217,0.00252982921120097,0.0023242701269106,0.00154987340786729,0.00124706927270122,0.00200461924165032,0.00115112004401974,0.00113621738107328,0.00127660460614896,0.00190877829303204,0.00235596504606326
2792.0482465937,-0.00100894074751913,-0.00064796064789264,7.54668879006156e-05,-0.000192714946465894,0.000309147620251452,-0.00013452531431481,0.000446661373193424,-0.000400153463248934,8.25842356568832e-05,4.94418708985968e-05,0.000521584908616374,0.000529625884372029,-0.000118715039042332,0.000668715217073944,-0.000523051889093427,-0.000213795669559087,0.000392818560863667,0.000123767932234047,0.00052163938628943,0.000564833059758091,0.00103013042595843,0.000141371341895467,0.000737608109695958,0.000609928466898583,-0.000244927701362654,0.000714843207559934,-0.000748800244971497,0.000524518869570481,0.000601833013469872,0.00139926010062347,0.00072478591698742,0.000247155232883151,0.000538047491712628,0.00135818535939241,0.00244748316711115,0.00360187004404502,0.00380718962859045,0.00394182389825137,0.00495190582839889,0.00428324473293478,0.00593275710435145,0.00382962873287781,0.00535879636388237,0.00388885059231117,0.00322431876203939,0.0045697360503331,0.00337688223921039,0.00419636815512963,0.00505714636690891,0.00532223116336537,0.00352575120438385,0.0041487735402298,0.00456164059690439,0.00386141271644193,0.00461999294994819,0.00368532378609146,0.00267839301546383,0.00288186534401048,0.00249295884977337,0.00286898902969211,0.00326305701640383,0.00276608462198548,0.00179479542387546,0.00239776961997372,0.0027783089845433,0.00339997329525831,0.00291881117611243,0.0019396440792027,0.00262954861865273,0.00229888552211331,0.00258081317718774,0.00199207403266524,0.00224689032184555,0.00239738898838878,0.00231860822007556,0.00296216792653704,0.00144489886024162,0.00231322917297195,0.00248508059491043,0.00162913807775709,0.00201125337814982,0.00219033074712746,0.00132694472830596,0.00249290437210031,0.00261726977842186,0.00170753857054859,0.00111255158465937,0.00227601202069439,0.00137051867729634,0.00147869317676047,0.0018310348265438,0.00265915954836941,0.00245079740358698,0.00168672952369423,0.00139681537053719,0.00210839846323113,0.00130972159416626,0.00127174353478204,0.00143316337248842,0.0020219021609477,0.00254935499147229
2799.39533060859,-0.00102067877763267,-0.000738095446423375,5.31731844298014e-05,-0.000247289374683534,0.000320953787076725,-0.000170142168736117,0.000333666839506558,-0.00036727703368704,3.09403694766527e-05,1.219034807773e-05,0.000484304223063131,0.000522732884000339,-8.26040263452124e-05,0.000678595028526191,-0.000581536743186678,-0.0002648205134448,0.000306267468653907,6.06614758903569e-05,0.000417141278921357,0.000483085340425475,0.000877935599323908,4.7020566171746e-06,0.000624435020887251,0.000510484330852834,-0.000312711112260841,0.000536606613998053,-0.000849549785687411,0.000268999865709872,0.000410175311387613,0.00125920277314821,0.000443844091063163,-4.07503964982613e-05,0.000333376575008265,0.00129455455431845,0.00247150177068952,0.00369105700026287,0.00390305279884594,0.00400045917332823,0.00498479896615622,0.00429192391341977,0.00588566431956942,0.00391257256136926,0.00528526152526956,0.00394415128448698,0.00328720892234264,0.00462007610788405,0.00349142578454157,0.0042154732661832,0.0049796906153265,0.00531475057225475,0.00361344529503313,0.00423085652374215,0.00461061417000522,0.00396336580516823,0.00468004102506356,0.00376849447070858,0.00275025383877652,0.00296811237154464,0.00257047549737754,0.00295441287633097,0.00334212331333691,0.00292202156478814,0.00192299507311203,0.0024832858245547,0.00284353906606352,0.00340371340736663,0.00298494695159507,0.0020360167645818,0.00269917071090455,0.00240445485626201,0.00270172488631941,0.00205615990340241,0.00238599547978667,0.00249971372996728,0.0023837315688701,0.00307608391725446,0.00159791975841472,0.0024208249370301,0.00257175258508497,0.00174153334979307,0.00207485171973156,0.00226153782359451,0.0014335242941494,0.00261261939172278,0.0026343877073936,0.00176486901766961,0.00122385099197797,0.00228104260877405,0.0015284346982866,0.00155809798005582,0.00193564992047209,0.00275309827868968,0.00249042602687248,0.00175958681248115,0.00145041669884431,0.00219971567013627,0.00137773910966025,0.00135126873737226,0.00145320331411298,0.00209087333093158,0.00257128846622793
2806.78118333895,-0.0011132925942415,-0.000814540750446393,-0.000122933800824182,-0.000369949268898603,0.000139977517978488,-0.000282009946591336,0.000214982548310997,-0.000556283479437427,-9.14447114965675e-05,-0.000138708448265209,0.000279955035956975,0.000352482132417364,-0.000277416500441243,0.000514641040225232,-0.000767519024163024,-0.000480311199342175,3.02802251687736e-05,-0.000179625648199933,0.00019062583673838,0.000206339882535795,0.000545404494186203,-0.000267081345625829,0.000318938528544562,0.000248042923391601,-0.000581124211980588,0.000249251787550442,-0.00110585839653596,-0.000110060110493036,8.66096509503764e-05,0.000937413949626963,7.05929930240775e-05,-0.000486476327334431,-0.000128856522241991,0.00104964977795241,0.0022899253926432,0.00353848125151504,0.00372862346337205,0.00377389249506077,0.00470514171278465,0.00403879812285419,0.00556875949623794,0.00377250222206027,0.00504783252082241,0.00381734823051122,0.00318055962647207,0.00438547794496262,0.00334676775390504,0.00401220469571637,0.00468211427647975,0.00500467900141166,0.00346903652100619,0.00405783654508841,0.00445661516451168,0.00371218378220799,0.00445679657335334,0.00363071180393269,0.0027110668107375,0.00284493980236735,0.00249040275931562,0.00290779677773535,0.00312453241673017,0.00280293454547183,0.0019330312229174,0.00241993057348959,0.00274068200218324,0.00326021870459828,0.00286397822460157,0.00188171826652365,0.0026598746615418,0.00233797457424375,0.00264476465173463,0.00203535491966519,0.0023229857677238,0.00244785327589512,0.00232099145873305,0.00300286768561927,0.00155522512916468,0.00233646389013437,0.00240729849755455,0.00165464747271342,0.00198942125034262,0.00224749711250992,0.00138369792021497,0.00252322112391095,0.00251808384732505,0.00174204296458487,0.00117481989825261,0.00220446440029723,0.00145193418265415,0.00149121949519227,0.00184086127214337,0.00261103963902017,0.00232292516608019,0.00170420773451252,0.00144020875483823,0.00216608533978906,0.00132924239231524,0.00124589651615806,0.00138690148945373,0.00200628355865526,0.00244894133285591
2814.20611245568,-0.00117974557641036,-0.000961100525550446,-0.000173461966598979,-0.000469855565176406,4.33206030973889e-05,-0.000391626237437604,0.000144501368903967,-0.00066296454237499,-0.000223211476664056,-0.000274582881002416,0.000147565997000342,0.000208430542643534,-0.000519064050057824,0.00043783073314425,-0.000975100241256281,-0.000666629653298935,-0.000213537993631338,-0.000424492139187588,-3.33466817712708e-05,-2.69776262067244e-05,0.000302161383795941,-0.000441495844068194,5.17923329565057e-05,-7.0538422435141e-05,-0.000907265369702511,-8.04520985988865e-05,-0.00144002869717277,-0.000443298473828596,-0.000172861090012179,0.000638089984222068,-0.000273861907850102,-0.000797552628874443,-0.000460662468405744,0.000711572544428838,0.00206910592635206,0.00332551839387185,0.00357775031963406,0.00362311374562287,0.004429738587184,0.00381676374800512,0.00528286875650441,0.00356669513545908,0.0048724361844258,0.0037417191449282,0.00309131197819519,0.0041546749261603,0.00324464576041405,0.00383737271240653,0.004491565086629,0.00478014768333725,0.00330136480887124,0.00383196482312532,0.00438701925443265,0.0035897670638516,0.00429761464595336,0.00348576225683891,0.00254496986363724,0.00272768477841002,0.00240924066288579,0.00280242894319354,0.00306060899590215,0.00270323075511601,0.00183231566260031,0.00221901518453723,0.00255151886717044,0.00306421425542295,0.00269493897322555,0.00184457299370812,0.00259513990856123,0.00226912498429885,0.00258288257745343,0.00189762693124137,0.00219155677830922,0.00232362126189596,0.00224767534393884,0.00291364387548861,0.00147325488861929,0.00218801176395079,0.00230763896846107,0.0015633804702509,0.00188488921387151,0.00214535228260258,0.00128993909725971,0.00239518070201758,0.00243459600106,0.0016329577264027,0.00105374971009477,0.00210918195338442,0.00136228014945525,0.00135717309222668,0.00169935025789261,0.00249047397979936,0.00231340675367958,0.00159318213766374,0.00123916856950815,0.00209476170281967,0.00127509870559528,0.00111359323805147,0.00125785441382441,0.00196071503526311,0.00232860822255902
2821.67042889391,-0.00127586148949017,-0.00102551943395231,-0.000169061218268755,-0.000503605798823274,6.79823901484879e-05,-0.000405329852528241,0.000101138621890382,-0.00075233772146655,-0.000342177861063508,-0.000294947817234284,0.000173116251985798,0.000229410718717209,-0.000512014444298977,0.000373187379215607,-0.00106624915243308,-0.000762952483493207,-0.000287434124265523,-0.000544276114342884,-0.000154093235292393,-0.00013065720387917,0.000164111622853726,-0.000653882784670128,-2.51055672689684e-05,-0.000217543413989788,-0.00109994235567914,-0.000152721886669311,-0.00167176893811345,-0.000571647982741877,-0.000382847785774163,0.000545468863273533,-0.000442600911757292,-0.00101311554852968,-0.000713397126381754,0.000502293853161351,0.00188698664801205,0.0031697060530445,0.00343430052036212,0.00349435144276896,0.0042668455268984,0.00355243464208739,0.00510368396061427,0.00344211240056355,0.0047520246834936,0.00358964590754633,0.00292121252386377,0.00402497151979741,0.00309903997780205,0.00376461107669821,0.00432910295666515,0.00468595061347236,0.00317244914109962,0.00374707860535916,0.00426785928532766,0.00346429628008496,0.00425730392626217,0.0033651851750531,0.00247229066806837,0.00262435638650224,0.00229386683966476,0.00271917406435451,0.00297750699059518,0.00259609034721422,0.00168166812894351,0.00215193909633245,0.00248749743531623,0.00299736477521646,0.00257098438913629,0.00166085598885413,0.00259125994853046,0.00210566340797133,0.00254134661041623,0.00181828868666697,0.00212271831076737,0.00225492624457997,0.002195710090101,0.00285418448918339,0.00139453219191065,0.00210345690061142,0.00227472462624009,0.00140645889959923,0.00176885252628679,0.00209516784267595,0.00116524106073367,0.00230961018760784,0.00235332177841523,0.00155208447726371,0.000986101661133463,0.00197983621196696,0.00122481519621541,0.00128259981749222,0.00160778217872084,0.00249900675904088,0.00223471047895591,0.00155888259903587,0.00120137916480218,0.00204030490914669,0.00112105268300118,0.000964036978343322,0.00115665381556553,0.00183522478354069,0.00225283893395133
2829.1744468964,-0.00117832409649212,-0.000978253705155848,-0.000124438894087165,-0.000447922541164562,0.000111112313743815,-0.000365571022656232,0.000213282763042832,-0.000729319185893964,-0.000239480582105746,-0.000273081808094406,0.000166184016986482,0.000224673021792575,-0.000516378302299811,0.000398375027572428,-0.0010599222112285,-0.000721915778968218,-0.000217269614866829,-0.000549466709115454,-0.000170968089882944,-0.000119085270930132,0.000177061829794047,-0.000620884056959505,-4.96617222289196e-05,-0.000225299676371539,-0.00113999552869455,-0.000136455434185034,-0.00166354956710821,-0.000557838650068842,-0.000369728440973729,0.000542803418943779,-0.00034216385057778,-0.000970565523099816,-0.00071354383801483,0.000414548985987795,0.00187073896347078,0.00308824520668964,0.00326325687948414,0.00338541757252902,0.00405043878883607,0.00350256652186554,0.0049716840959248,0.00329258685174935,0.00464711845264466,0.00349806722409937,0.00284785356810548,0.00389917579433786,0.0029907446216503,0.00357586308698481,0.0041849007971091,0.0045430113085212,0.00312571944909635,0.00364750773240991,0.00415636841914719,0.00333102888172203,0.00414697121307861,0.00327555819471229,0.00232965277961801,0.0025499407122812,0.00222526123359511,0.00264140466172783,0.00282530072141789,0.00246200789980394,0.00162225978583268,0.00203965652312333,0.00241433960348702,0.00291733422112509,0.00252619203398491,0.00160773737388063,0.0024995959776166,0.00205919105201457,0.00252231939079769,0.00171093308829485,0.00206118410469573,0.00216557602394948,0.00208567327297693,0.0027083227118057,0.0012644915271001,0.00205030629188816,0.00216768328526742,0.00136848446258678,0.0017262530945502,0.00197871875078145,0.00108634732787247,0.00225931817443839,0.00231427604227511,0.00148295697357563,0.000930984019375159,0.00188805202240729,0.00119244789790793,0.00114341283025797,0.00152686646211128,0.00235243367034834,0.00214757957934645,0.00145243079647088,0.00116380131130923,0.00197382084247904,0.00111590534418042,0.000869134817324032,0.00111476624365927,0.00182494988442907,0.0022058976444282
2836.71848405764,-0.0011603603441254,-0.000861347163704646,1.34190162800001e-05,-0.000338720234126369,0.000220478848974796,-0.000299948100065956,0.000240772444018352,-0.00065813693653431,-0.00015558374811232,-0.000203210227170336,0.000282019556183481,0.000269315245245209,-0.000449097337605467,0.000392121301679179,-0.000996582173093488,-0.000715552680235136,-0.000138479836515208,-0.000458061609546705,-7.31446674619851e-05,-6.24204831739693e-05,0.000263265659183225,-0.000596871587309024,-2.73328840144599e-05,-0.000218499082740749,-0.0010722566019239,-0.000140624673372811,-0.00161198744309929,-0.000471920694017451,-0.000269700169756034,0.000537695931261421,-0.00021156972071348,-0.000928387101424725,-0.000723197108020342,0.000416099792039848,0.00176223631049136,0.0030181797539799,0.00318657737955791,0.00330261914458817,0.0039836893644781,0.00337037414806619,0.00480796916278919,0.00322215983017188,0.00455465783887233,0.00342867002814851,0.00271009237467427,0.0038226611691181,0.00296345884227105,0.0035152884951542,0.00411089502157091,0.00441469308757753,0.0029761080095294,0.00350505916232065,0.00408917165542769,0.00322826455991379,0.00406293876168199,0.0031578695077075,0.00229410250957806,0.00246354534216113,0.00223140738925311,0.00253553487567443,0.00277735252669783,0.00245997037378765,0.00156848556713292,0.00202968207686236,0.00233897937338038,0.00281573973624742,0.00248207902485791,0.00157255538696086,0.00245029139650468,0.00202632732279236,0.00239634033381749,0.00171394990935532,0.00200861863279715,0.00211993029550525,0.00210343152272244,0.00270211780564196,0.00128085649307821,0.0019938246286812,0.00211971044161798,0.00130499969364622,0.00168287734676004,0.00198821511080996,0.00105762802884771,0.00221270863593278,0.00226495492995311,0.00144028984671499,0.000874931250608202,0.00189873638077252,0.00111883823439308,0.00114545641306581,0.00154643205974259,0.0023490987792703,0.00211228586772004,0.00140773236934011,0.00112884771333936,0.00195274258713963,0.00108826052325225,0.000857772555747377,0.00108886566206655,0.00174425262292896,0.00215127821608393
2844.30286136868,-0.00112553823119057,-0.00081798174487562,-3.35982083192368e-05,-0.000335608117365156,0.000211454957738367,-0.00027075859841802,0.000312516251785949,-0.000595327384364174,-0.000142179011499973,-0.000157751367946026,0.000282864606196509,0.000274918356619405,-0.000442642379624944,0.000432242984121481,-0.000977119582388516,-0.000647964297797027,-0.000136685907849228,-0.000452295241477074,-0.000113913835477404,-4.85841024680347e-05,0.000235720446913629,-0.000463654366103458,-4.19711983402907e-05,-0.000154924955194001,-0.0010053312847928,-0.000103994304535402,-0.0015415150998314,-0.000356460381990365,-0.000214174772754597,0.000587700927994453,-0.000164524343427848,-0.000821234898071595,-0.00059820692123371,0.000391711728966345,0.0017645962007868,0.00289306744246518,0.00309118999421227,0.00318019840459887,0.00383989544334872,0.0032429149203278,0.00464513124453031,0.00305311188498349,0.00438605191344683,0.00332888337299002,0.0026647067828314,0.00368470381906485,0.00282944432173084,0.00338045395956416,0.00394335640970438,0.00430466995942995,0.00289504072383008,0.00339144016686565,0.00393727684375638,0.00310318940425496,0.00391093147548042,0.00306559150908842,0.00223587702325998,0.0023516040687482,0.00211220372819465,0.00244130553916785,0.00264609446866096,0.00233747130598653,0.00149917098416622,0.00192629413146262,0.00225939562928313,0.00274502240998957,0.0023538436697022,0.00147933192228221,0.00234989745647317,0.00191840100600303,0.00236504307247528,0.0016494559670966,0.00195925205436554,0.00206324635890095,0.00194021334925193,0.00258908425205437,0.00120825353065681,0.0019125881091449,0.00206399324205305,0.00131699405569085,0.00164129652204791,0.00189834874864743,0.00100218472933262,0.00216990735433507,0.0021736403720925,0.00142568145660738,0.000892910866118836,0.00186811064076074,0.00113087126348723,0.00112281806667356,0.00145506678260772,0.00232083227318099,0.00207455270891059,0.00137816403049884,0.00107567425689146,0.00189077611539677,0.00106719466913461,0.000850619874571163,0.00107764753825635,0.00171537216240322,0.00214622867695783
2851.92790326261,-0.00116435026341729,-0.000947885769803609,-5.17286596973402e-05,-0.000365454894957185,0.000184120157923716,-0.000251140133828354,0.000271831299681783,-0.00063552411883171,-0.000206914638789361,-0.000187303442865158,0.000265180487972063,0.000287008993664723,-0.000422868018659377,0.000498869365734666,-0.00099199727008636,-0.000718972005719109,-0.000145920366094532,-0.000460328707232408,-8.00373574972414e-05,-3.4618270304664e-05,0.000253413695911165,-0.000584022703583086,-5.01938283387984e-05,-0.0001871898206408,-0.00109653455941027,-5.00802061144403e-05,-0.00157226820507433,-0.000355222561722945,-0.000226924071296642,0.000614207099414603,-0.000157175671879878,-0.00084181364912116,-0.000749781882582421,0.000284166947928238,0.00169300616093228,0.0029061864134642,0.00312645967305112,0.00321314784225808,0.00380092231443628,0.00318103075101683,0.00466922558817196,0.0030861569387416,0.00440393110544366,0.00326226170066765,0.00258256945670695,0.00366216424632702,0.00278567570205496,0.00334121908823567,0.00396793208296732,0.00431752717806353,0.00287526291437653,0.00336662874292096,0.00395531256542591,0.003122707904456,0.0039478660256138,0.00305148167105882,0.00219062493713524,0.00234939243775178,0.00208659913408689,0.00244784739901964,0.00267261153045783,0.00228726119774961,0.0014243015213457,0.00191890725967782,0.00225412076142537,0.0027570257650501,0.00232824603793716,0.00148165764766978,0.00239930202426375,0.00192356837859968,0.00238889944395891,0.00160631799172532,0.00193499430398751,0.0020796074557041,0.00198643872185801,0.00258228521488012,0.00114229451327592,0.00197683186965556,0.00208682675106749,0.00120993997021235,0.00162422410922039,0.00189355460237064,0.00101621296008619,0.0021708997464548,0.0021894879698279,0.00142418752658946,0.000810435288604175,0.00186746284180732,0.00109710304306394,0.0010672595139055,0.00146011338380395,0.00232028801184949,0.00209376180460405,0.00133374758878739,0.00111267860109807,0.00194005365949245,0.00103787084617637,0.000757342044618889,0.00105645906954947,0.00168573024072265,0.0021512885505306
2859.59393766085,-0.00114312314833637,-0.000883711615005527,-3.75655412240617e-05,-0.000380918757951453,0.000122730941472093,-0.000323958186733899,0.000280396753702124,-0.000651648469291403,-0.000240016503337355,-0.000228881562091401,0.000218480770765196,0.000242892157747206,-0.000344943808060894,0.000471161861412864,-0.000910570435690512,-0.00063231518647849,-9.81968620403594e-05,-0.000375228795356612,-6.79138795232316e-06,3.46902877699284e-05,0.000317105853512432,-0.00042607078231673,6.28951168004054e-05,-8.68782830755388e-05,-0.00095192941896304,1.67639585716514e-05,-0.00141880867235142,-0.000180364316384534,-7.32959081266106e-05,0.000619161032236439,6.55871334913901e-05,-0.000513683215312018,-0.000572846236288818,9.29355211081133e-05,0.0013051938600849,0.00245045811195566,0.00269267746600798,0.00277392713271354,0.00319363514874054,0.00268637564498739,0.00403733378881903,0.00259386874554187,0.0038966151719238,0.00286264099106631,0.00221827307570325,0.00316261601152507,0.0023857891670586,0.00284147213297616,0.00331141027753754,0.00367293440645122,0.00244758285850152,0.00286472114933155,0.0034754388560573,0.00266398307004576,0.00340948484808389,0.00262244085001008,0.00188929773006939,0.00201606669657796,0.00183784388468353,0.00212331874255475,0.00229891048302734,0.00202034930460245,0.00129283520198746,0.00165937608884537,0.00194595237207408,0.00235556512503203,0.00205069563812303,0.00124321653092311,0.00220640358358183,0.00170324345109002,0.00215189044606725,0.00139482550607628,0.00172055792186255,0.00181771470477029,0.00178002687205222,0.00228973340855263,0.00105263506093124,0.00164750659672395,0.00178932663897666,0.00108683578176943,0.00142376448502651,0.00169957270149127,0.000809131044758286,0.00193071805956678,0.00192796469665094,0.00126224428547887,0.000681750219823972,0.00164671150153506,0.000963615273365594,0.000912344664742881,0.0012642021522501,0.00207608615896852,0.00190887599682603,0.00121329881906512,0.000948625543846312,0.00173860654255483,0.000862053189983645,0.000670308948409429,0.000939142540158722,0.00156674649695013,0.00192447718381534
2867.30129602019,-0.00129391735932741,-0.00120299709676715,-2.68935085136434e-05,-0.000464532212463932,0.000119479229070812,-0.000390451266354434,0.000283493694301142,-0.00076702385081377,-0.000323895603271736,-0.000255242756672544,0.000283123412862995,0.000321736975673803,-0.000439674039147965,0.000497964260564946,-0.000983530156512628,-0.000681901969201963,-6.46436202852784e-05,-0.000432395340921677,2.44264477963808e-05,6.04496574896697e-06,0.000353009991939507,-0.000622625004345552,7.15520370734184e-05,-8.03106483401609e-05,-0.00108524476977469,8.28399616136186e-05,-0.00159807445567416,-0.000229891413755551,-0.000100419436703299,0.000827287963346988,9.03652446404187e-05,-0.000583147990495571,-0.000698679437333909,-6.04496574896697e-06,0.0012830611603068,0.00248556468323555,0.00280063982692172,0.00286343284849102,0.00333592206950134,0.0027474696761331,0.00417789072170116,0.00271965046402409,0.004005857803843,0.0030437312080149,0.00232068717120342,0.00329348442109569,0.0025348493043479,0.00301850315749816,0.00342159937327037,0.00386645492712813,0.00263520689273238,0.00296681291974999,0.00368097505289446,0.00278053144279596,0.0036321221573017,0.00280421773195343,0.00196533341094691,0.00219041318719344,0.00184869111979413,0.00218270276344756,0.00251326019870693,0.0020849977807368,0.00126782545353413,0.00166302650907877,0.00202121761149069,0.00245842458992139,0.00213909323088341,0.00130582215010627,0.00226942865897484,0.00179774144492225,0.00236145936161216,0.00143652785963585,0.0018138406027341,0.00190334199209797,0.00188699624948561,0.00241666525183584,0.00105101111895332,0.00180162737883591,0.00188187658309463,0.00111657963435921,0.00146921934486057,0.00174932067908646,0.000874043271185879,0.00199981364656879,0.0020534777754332,0.00133968592372687,0.000708487044596276,0.00170157822357076,0.000949481242172954,0.000976559891405671,0.00134332527284002,0.00211978644947801,0.00202251319228683,0.00125333030963775,0.000974956281727581,0.00190772149985003,0.000928817840127351,0.0005533552915077,0.00091820822590725,0.00157136608787959,0.00202985333459455
2875.05031338048,-0.00133645579781449,-0.000939785203790978,-8.16802559687192e-05,-0.000425317371433011,0.000145147664301621,-0.000436553631078772,0.000268377926096639,-0.00072666365101766,-0.000286528869309648,-0.00026887154306282,0.000256030219068828,0.00036376414495831,-0.000412784355740846,0.000548486133409291,-0.00105307555738257,-0.000680544856025687,-4.52545606970843e-05,-0.000383705461183904,-4.29082616914392e-05,4.63028898441141e-06,0.000395744455305816,-0.000449271955435289,0.000120884367393443,-8.58784278056865e-05,-0.00103443059259931,5.00701583458491e-05,-0.00164434654824175,-0.000145271068543166,-6.18004395618623e-05,0.000797971881635507,0.000132861457092548,-0.000579231592133202,-0.000752470512455332,-8.87183437775131e-05,0.00125835669247501,0.00247405193174167,0.00278138675617588,0.00286158535203791,0.00327319676057797,0.00270551014099643,0.00419532463812212,0.00269698998847688,0.00409104805401626,0.00302093259619866,0.00227827858770522,0.00326338025661609,0.00246781617380496,0.00296629405329121,0.00343902657115853,0.00385304577852297,0.0025477679611839,0.00294369772515407,0.00368073340152261,0.00278367115075871,0.00363307104200114,0.00275255467010203,0.00191537908164586,0.00210405243345072,0.00188679420865917,0.00212356163252887,0.00235273544720079,0.00205935339414263,0.00128502778820757,0.00163625891747372,0.00200490015989953,0.00239712536899891,0.00210602811512766,0.00128434845797297,0.0023364363768191,0.00173318829626081,0.00234903129693407,0.00143696632723082,0.00180369379240251,0.00195155796843441,0.00191383551711637,0.00237446754104304,0.00103906088158372,0.00161347728067223,0.00189340017932052,0.00105974343246673,0.00150234751281786,0.00172997816756435,0.000868662281837485,0.00197940201136776,0.00204953689018074,0.00138522960471801,0.000720242584416593,0.00166206537430732,0.000937624618053757,0.000961764106116319,0.00131725531164224,0.0021766570155109,0.00201607491972655,0.00122180718835776,0.000966332895281993,0.00188432450541198,0.000938303543684292,0.000631894857967787,0.000958121860272412,0.00161816947407945,0.00203546071456316
2882.84132841328,-0.00123042808365577,-0.00103040843761199,-6.05665700736181e-05,-0.000431959747439193,9.80945156613531e-05,-0.000428462387831095,0.000252314504055635,-0.000663400693796398,-0.000245930267459057,-0.000262251400235389,0.000233661313119737,0.00028279206663647,-0.000402093031293601,0.000435790362160264,-0.000958683278488128,-0.000632756503659076,-1.26018456366683e-05,-0.000336585481209832,2.34828433646397e-05,3.93597572622147e-05,0.000358291812875071,-0.000539047785363334,0.000140785368790804,-1.14361803725108e-05,-0.000924542092558333,0.000100203918658102,-0.00143183532249527,-6.93378009892147e-05,-9.43737732591877e-06,0.00078447817015293,0.000171484858903205,-0.000428462387831095,-0.000640528696867002,-3.21976828582811e-06,0.00121355140441927,0.00233555915733025,0.00258287738140065,0.00263295150883435,0.00305197651933953,0.00251337295285495,0.00384428218267546,0.00250299147398082,0.00371154659841486,0.00276907348893728,0.00213198685170329,0.00297847484851627,0.00230891220947048,0.0026906868657102,0.00313597026898708,0.00348765591773401,0.00235515572218311,0.00273931773655747,0.00342109366615187,0.00251614850226202,0.00329735160415405,0.00252636335357967,0.00176353548748565,0.0019585031897535,0.0017482690562077,0.00203733403185933,0.00225067733374081,0.00193085684037044,0.00120639005764659,0.00144704645379814,0.00183465016398989,0.00223674319528349,0.00196938418748147,0.00117152669770014,0.00208946262613033,0.00164545585188338,0.00213720505922009,0.00132646849629545,0.00164095909075199,0.00176453488900895,0.0017571516147047,0.00224329369562093,0.000982221785643472,0.00159482654180514,0.00170302458120274,0.00102641155915005,0.00133945889702017,0.00167199183597736,0.000778149597347057,0.00184758490092391,0.00187178919067395,0.00124591644246529,0.000659736706631813,0.00157545190448385,0.00091010807143156,0.000844545221372713,0.00123292604174057,0.00200519128516051,0.00188089367670252,0.0011403276887339,0.000900059847670398,0.00178651881199646,0.000884571488860875,0.00053743790122042,0.000845655586661792,0.00150317156271545,0.00188772213217786
2890.67468347112,-0.00124662249971069,-0.000895997651527672,-5.87853828301975e-05,-0.000380468784950256,0.000160221123162807,-0.000430115016728059,0.000277397026032476,-0.000626498620753145,-0.00024343475909118,-0.000280161435289272,0.000268257505258367,0.000290428977013292,-0.000409579563558305,0.000533299540768659,-0.000930467546382513,-0.000607260890800104,9.75991381047399e-06,-0.000323601518373136,2.081755083766e-05,7.87000732418716e-05,0.000415728775108264,-0.00038492578021449,0.000150630541897419,-2.68539972647988e-05,-0.000915235381480713,8.75009289258068e-05,-0.00143849291077099,-4.68252550987397e-05,5.44415224104968e-05,0.00082434928054003,0.000262672489044221,-0.000414939049526812,-0.000619729016166821,-4.19171993432263e-05,0.00115534153597928,0.00230081039302527,0.00256229829369732,0.00260494865119973,0.00300318848006294,0.00242238672373691,0.00378635445886236,0.00243671639793444,0.00374460659206422,0.00274418289097979,0.00207413105229825,0.00295788647842655,0.00225274398213209,0.00266802169674907,0.00308104263002281,0.00349225821216628,0.00233985004826717,0.00272251941686012,0.00339178152996021,0.00247254058342826,0.00329000712453743,0.00251784221534293,0.00176717218716644,0.00193258383347438,0.00169721640218624,0.00203198869243109,0.00218984026912783,0.00191932598252621,0.00118778054945823,0.0014833438519161,0.00181907483056578,0.00222188441981605,0.00191910008255886,0.00113023632242248,0.00218323962736488,0.00164130819373566,0.00214589218840871,0.00135279733297544,0.00166421319337148,0.00175927382218678,0.00171205370429731,0.00223249062663024,0.00097486705731463,0.00148921096579815,0.00174110791548309,0.000971425687599201,0.00131477293356064,0.00164333907511155,0.000774928948729581,0.00186336120665336,0.00187097747396512,0.00119590444468353,0.000644382429788922,0.00155820769265182,0.000917435595401697,0.000852218903353635,0.00120978305838978,0.00198313218623474,0.00183408146522194,0.00115235159647685,0.000849454494096838,0.0017421235410319,0.000862543012499921,0.000524047624593445,0.000848213338302393,0.00149208814017777,0.00189258475038423
2898.55072463768,-0.00118495938400075,-0.000976676850175969,-5.45086643895128e-05,-0.000399168575138994,0.000185034697978856,-0.00036664260995409,0.000238594337148896,-0.000641347926740919,-0.000217455292689811,-0.000225573655861414,0.000274705316786829,0.000333325847999118,-0.000376447937139775,0.000542662777517327,-0.000894650254668344,-0.000588947708261287,2.883592573489e-05,-0.000325312855301465,1.71854060857149e-05,0.000109808125549092,0.00044165809595899,-0.00046885957017829,0.000177337816703051,1.44969043536661e-05,-0.00090355906913305,0.00011929734131293,-0.00141596255582476,4.95517609133582e-06,0.000120509619978795,0.00089638973118092,0.000281347456892248,-0.000294895681503405,-0.000557159681870993,-6.07821805745904e-05,0.00110214199172306,0.00219099935775832,0.00248315367955422,0.00253102020383832,0.00284294306297803,0.0022917929528918,0.0036217224168601,0.00235452569640383,0.00353163031615633,0.00268927456401671,0.00198946433451291,0.00284747675717357,0.00217381360619565,0.00255859064745492,0.00292533862788296,0.00330937773034763,0.00221777935008183,0.00258547601025237,0.00326646672763183,0.00238742063098604,0.00314774944214107,0.00238083100337911,0.00167221698440759,0.00187106350592096,0.00164100901383946,0.00196737626483435,0.00212710684807892,0.0018308935174357,0.00113967599097476,0.00137299869513351,0.00171902911299826,0.00208836057016136,0.00184196398126271,0.00109312746130744,0.00207518131494751,0.00156694255305403,0.00213765011405922,0.00126392850837903,0.0015461196200168,0.00168423647345407,0.00170901304486468,0.00212926849744123,0.000933291162111956,0.00151796877510106,0.00163394504636128,0.000922115327810999,0.00127046527801049,0.0015867639483733,0.000726326622903948,0.00177369635131414,0.00182947015234498,0.00120936698601406,0.000597118583931383,0.0014772190762706,0.000847152699781555,0.000777619587714701,0.00117431074754651,0.00196157743399749,0.00178850936708966,0.00112691856313367,0.000834131673017109,0.00172119076236056,0.000815101074467905,0.000423523664653803,0.00081299228308106,0.00138623046284585,0.00178798216924295
2906.46980177876,-0.00125159245081713,-0.00088077885190712,-7.20495685460326e-06,-0.000384068643353014,0.000203777114556976,-0.000348153434690773,0.000274342726558389,-0.000659511451372218,-0.000194262058723877,-0.000176386816323882,0.00025965743203789,0.000342983556449462,-0.00038274868977847,0.000561995645811256,-0.000922469127792556,-0.000631846132773921,-9.90145403951931e-07,-0.000301788173042958,1.27601519640707e-05,0.000103676189652314,0.000439289344492744,-0.000334018180900683,0.00023980225927608,4.0205238002552e-05,-0.000929014107859887,0.000168686606544259,-0.0014147790105034,1.34752770028187e-05,9.42159216246026e-05,0.000881328892637528,0.000281272663047788,-0.000281712767721332,-0.0005249803556882,-0.000106151012493061,0.00103472537612549,0.00214810153045409,0.00243547906889567,0.00246578465508914,0.00275739743506564,0.00226404261914545,0.00357283570146413,0.0023134878926159,0.0036080909333391,0.00264602139607979,0.00191973910912145,0.00276773755199435,0.00211719111572482,0.00248970962463144,0.00288164356207242,0.00326466763266218,0.00215772652234405,0.0025667654288948,0.00326719760375441,0.00235237353749,0.00314663631710605,0.00238905865899637,0.00166266643598117,0.0017599623694284,0.00158121066632064,0.00189086377300547,0.00202468010409683,0.00180115775283491,0.00104924558633765,0.00138540878190849,0.001714147148511,0.00209887576865128,0.00180401789254381,0.00104204026903696,0.00209486075967618,0.00159606104514948,0.00208446585494208,0.0012413074821399,0.00153396519532574,0.00169880187720323,0.00166536149138173,0.00214612123964619,0.000918673990931176,0.00136775377206831,0.00159490581543718,0.000896343995328619,0.00122156224543495,0.0015735108169871,0.000700486962664994,0.00178190776905498,0.00178289791445893,0.00118889177245759,0.000577560789232754,0.00146251973442332,0.000794867968597937,0.000758677379124404,0.00109489572294672,0.00194465422406771,0.00173768716163123,0.00110188080768759,0.000816648283916175,0.00170430192406122,0.000802293158012356,0.000470309695278877,0.000811753065593979,0.00145954965865755,0.00181842816669911
2914.43226859408,-0.00124771419923371,-0.000959128620549144,1.16780787207652e-05,-0.000367333578328795,0.000211520601337455,-0.000368648762692477,0.000292478386504933,-0.00069510923786876,-0.000195581532122559,-0.000246870619643166,0.000297054814402148,0.000365808102363057,-0.000388796077130823,0.000561863307700741,-0.000953237008288247,-0.00062141099459654,3.69806400724782e-05,-0.000301736388100391,1.63599971593397e-05,0.000132351673748782,0.000537875930712709,-0.00038616605314379,0.000233772210757691,4.00843372746346e-05,-0.000956761633434848,0.000180484318796553,-0.00144960861630194,4.06628115504558e-05,0.000176223328302423,0.000932353328502372,0.000357233720844448,-0.000217359813068003,-0.000530774279889159,-0.000162756736743183,0.000991901015398172,0.00210310804093033,0.00242967366190764,0.00244524454844877,0.00278627616320559,0.00225813190730346,0.00357018120241291,0.00230121479597922,0.00358301657442565,0.00268222560220965,0.00191583785345364,0.00276128938399729,0.00211704796096436,0.00254892692677095,0.00281341998266646,0.00325055899644711,0.00214555936531926,0.00251783789895937,0.00328538294100735,0.00232320302378639,0.00319337864140593,0.00237307178114229,0.00161026105806323,0.00180037190586934,0.00162662105522257,0.00195997254488002,0.00203772114230398,0.0017969527712641,0.00108627264685421,0.00133924517036033,0.00171683684198551,0.00207670093155732,0.00179753124553992,0.00105165933863636,0.00213172459108626,0.00155455343371712,0.0020958488437754,0.00123614161105431,0.00153456401035048,0.00167359640697837,0.00171110312079632,0.00214971521001236,0.000896740273323924,0.00142251754211176,0.00162214977312639,0.000886640415839577,0.00121441607537954,0.00162078184349203,0.000678012875361891,0.00175018771111036,0.00182046681977734,0.00119226961176033,0.000541558102190687,0.00147185988098185,0.000773120872165459,0.000767913224721743,0.00111694074672135,0.00190784194621086,0.00180631626340092,0.00107296394636668,0.000799265289406061,0.00171815202634919,0.000818465602154489,0.000432510185353087,0.000784062585538695,0.00144255971074907,0.00188590611893404
2922.43848266994,-0.00132602069533141,-0.000969792928410962,-6.2370549818448e-05,-0.000396357062300976,0.000165348017051072,-0.000391526574639488,0.000248207612870818,-0.000732838828131903,-0.000214129472097202,-0.000261371613597165,0.000321618780390572,0.000394074703843031,-0.000426241660747122,0.000586387667680816,-0.000969792928410962,-0.000620253609298915,5.36119427076195e-05,-0.000314505934271138,4.87814550461307e-05,0.000132225120344751,0.000563509815776346,-0.000348318652166623,0.000283506420589858,7.17657543958273e-05,-0.000977808142742545,0.000202026815015908,-0.00147815148793352,4.74014648003345e-05,0.000160782952267713,0.00101963642283708,0.000386749310700612,-0.000238865284148584,-0.000558573228537099,-0.000244863562900352,0.000934865643147811,0.00211602771529692,0.00246280705391737,0.00248918862696015,0.00275623987270834,0.00220366492292301,0.00359810732267978,0.00232102740569487,0.0037119664321808,0.00269514356142539,0.00199038459531534,0.00284738045360526,0.00212133617285952,0.00250081331414033,0.00286341088226843,0.00328057563717145,0.00216242071230734,0.0025430659925459,0.00336221456604577,0.00232139892815076,0.00323927855070064,0.00238663555803856,0.00165618553580982,0.00185115272842891,0.00162746872845396,0.00194176246356958,0.00203364574151082,0.00187620718708104,0.00111980033798803,0.00136370830895362,0.00173755904180602,0.00209463630108347,0.00180348584075045,0.000985664381641225,0.00217781454350396,0.00160846577227621,0.00222272110282336,0.00125648442353838,0.00158452622885922,0.00173532955920322,0.00171945845384042,0.00221348487367889,0.000951480141289851,0.00138536549391267,0.00161844504633247,0.00088162522289608,0.00124215263172176,0.00164397712701824,0.000718241265569678,0.00180905937332371,0.00182355048844071,0.00119687420207899,0.000547585486690938,0.00144752349670813,0.000769624073541966,0.000788255507263821,0.0011199596612884,0.00198374971909702,0.00187424312735637,0.00113588399037381,0.000818989250199502,0.00179520520354073,0.000826845489098181,0.000403735331298541,0.000818193329432579,0.00143069679941057,0.0018827359637216
2930.48880553276,-0.00137238763919488,-0.000981970511884754,-7.00188254555399e-06,-0.000406054124561254,0.000168181921077474,-0.000374779824152992,0.000296033500378406,-0.000799505227627717,-0.000233111388329931,-0.000239086038511119,0.000330108676167291,0.000333749569437298,-0.000399332451916165,0.00058427190394062,-0.000990792841065311,-0.00059939559091557,2.40861211057401e-05,-0.000317132143440549,5.18596331942277e-05,0.000148577017037129,0.00059710833171713,-0.000363903642055713,0.000276662002619779,0.000109834021519876,-0.000965213286843778,0.000196095538116194,-0.00152600568128632,6.19419892088598e-05,0.000205570976617157,0.00107579402492155,0.000389950314746688,-0.000168275222408961,-0.000511780440247686,-0.000293046022334809,0.00089953679712742,0.00211830639423086,0.00250349528201169,0.00256072295377944,0.00274916319412367,0.00222291217622144,0.00363114894012746,0.00234128831702141,0.00369388444951297,0.00277539616357161,0.00197939172426367,0.00284027913311133,0.00217427342735252,0.00252655447665907,0.00282786271427951,0.00331686416978028,0.00220484781482164,0.00254060443355691,0.00345568523250998,0.00231668888563949,0.00324045190882288,0.00243119072688773,0.00169885542209216,0.00188505490095069,0.00165917880144804,0.00199782959689542,0.002045254816643,0.00189541746686579,0.00118861521857902,0.00138709131722514,0.00171290568489601,0.00207102127943351,0.00184192429560554,0.0010399449002104,0.00224065013591404,0.00164316829296496,0.00231678218697097,0.00128892699797918,0.00162220975485305,0.00176607214854306,0.00177419425887846,0.00221002925073219,0.000983697657188271,0.00139647376030062,0.00163196540325447,0.00092007532629464,0.00120644647960311,0.00168303151627206,0.000743117879655354,0.00184556518887554,0.00183730327949592,0.00125433820600812,0.000597388541617594,0.00144478549565032,0.000836894589073405,0.000829752907483623,0.00117386504283602,0.002021215499156,0.00188491510190647,0.00114366416659886,0.000851551463484918,0.00183436229916506,0.000829052688638467,0.000452872426795163,0.000779527118261426,0.00152371872799389,0.00191376203816606
2938.5836027035,-0.00130612587026724,-0.00088860036536615,-2.73347653779011e-05,-0.00037908159045718,0.000161280320648552,-0.000346192250546277,0.0003123280261255,-0.00071567475706919,-0.000231200902526557,-0.00024776723347063,0.000306286168997651,0.000370652176342654,-0.000417184470948729,0.000559413191691417,-0.00101513960837934,-0.000616178101469096,4.30242431073941e-05,-0.000298051540192991,5.15510498768542e-05,0.000125954567763414,0.000544503493841751,-0.000340539964038161,0.000268231825173479,0.000110654660653655,-0.000906531151439831,0.000174825882688791,-0.00147218130488914,9.75478445408862e-05,0.000237875971571563,0.00100305557480347,0.000386049156787166,-0.000173023000951893,-0.000533832452062856,-0.000272714441861854,0.000803185091068519,0.0019847697046895,0.00228330852747734,0.00229495381512575,0.00252288998813087,0.00198233329171527,0.00328275865812719,0.00214994796677665,0.00344394126680063,0.00254125952013202,0.00177291289935379,0.00257522081788755,0.00198769308093841,0.00228803510478332,0.00259631894082774,0.00301861955970218,0.00197253974179132,0.00234216849695672,0.00316835198535725,0.00213932578098531,0.00295537436618936,0.00223862765127554,0.00149815161513744,0.00168798490765101,0.00151364630755706,0.0018113568137977,0.00184590310612319,0.0017002148705492,0.00100505324185023,0.00116979307733009,0.00157245774036906,0.00189531024031079,0.00165144094827875,0.00089683499417081,0.00208202505194541,0.00146194900903772,0.0021165713442709,0.00115917089153875,0.00148129278690838,0.00161509209353654,0.00161937992491505,0.0020569315949117,0.000813807276859856,0.00122680162840519,0.00147676131423245,0.000797094377953113,0.00110206526712889,0.00150926108352362,0.000626897679915367,0.00168130951928582,0.00170562351575989,0.00108432926636508,0.000493975545821967,0.00135577696507244,0.000718549596650714,0.000695453806663765,0.00101996325902008,0.00182144318032681,0.00173802557307594,0.0010264438620754,0.000753339210953449,0.00167750897050216,0.000729463960406852,0.00036967761115296,0.000672894155259219,0.00139836278157254,0.00177856486654173
2946.72324375295,-0.00138992329708501,-0.000934933472345097,-3.31754831368873e-05,-0.000366697827356412,0.000165924720618937,-0.000354173297711569,0.000335530141075219,-0.000796351943700236,-0.000261291781848439,-0.000280652031167373,0.000331897059450085,0.000373151034944249,-0.000389595295320633,0.000587117832519229,-0.00103178233715198,-0.000614700368665211,1.90732869348157e-05,-0.000319611560699436,-2.13201146847048e-05,0.000124096820356535,0.000576888062114198,-0.000306131220755526,0.000312823459237557,0.000148046274877383,-0.000944494081557466,0.000202876453295306,-0.00150034867809337,0.000128925056452644,0.000236816647326989,0.0010979898222337,0.00041674770116815,-0.000169222908370029,-0.000513931146571363,-0.000328024946930756,0.000812748585864408,0.00195447824223635,0.00228341138125396,0.00230468387772646,0.00250669975714712,0.00203354452428153,0.00337724212858421,0.00212848145521257,0.0034976582491034,0.00256783997523853,0.00177234829213523,0.00258447533501919,0.00200543630813495,0.00231668241409299,0.00261387425533888,0.00304338520376836,0.00200266380038445,0.00232528689972858,0.00323106016937046,0.00209846099191242,0.00301771491477593,0.00221763433974843,0.00150111338898816,0.00167937122656996,0.00149982268481505,0.00182923388562105,0.00181938662730228,0.00170967833897651,0.00099076739255201,0.00122203871110031,0.00153806512166453,0.00189410273503974,0.00166087155112567,0.00085816163626202,0.00211380596079768,0.00146597804048551,0.00213507845727017,0.00112939653940908,0.00145010739159965,0.00160001798214066,0.00162377633725724,0.00203789469858925,0.000802709914863649,0.00120903643294479,0.00151382901803728,0.000795539301315516,0.0011117091930718,0.00152845689423995,0.000570721503632768,0.00169289949800379,0.00173534862796893,0.00110238761475363,0.000475354129125554,0.00136669093524675,0.000751895330157115,0.000687743260143306,0.00101983173227537,0.00189008745460606,0.00181670966925392,0.00102609384045894,0.000737363003656577,0.00173941183989253,0.000784305789121494,0.000309955401784931,0.000702323204856055,0.00140134822196102,0.00182574428518798
2954.90810235802,-0.0013650455284032,-0.00100071078164731,-1.51484347420935e-05,-0.000368109723626147,0.000162276112503318,-0.000379192652274898,0.000318938286962311,-0.000785245936476229,-0.000275816265005787,-0.00027794575540294,0.000319373763625297,0.00038064466404704,-0.000420669187758317,0.000607579704440435,-0.0010130519301956,-0.000644748731868487,2.57958867278575e-05,-0.000347637880062813,4.21054868473678e-05,0.000152790143066612,0.000607579704440435,-0.000343669111319951,0.00030267657976058,9.93111983474089e-05,-0.000975786165417063,0.000186571460197972,-0.00151957821246504,0.000125010347724785,0.00028254347550975,0.00110428096078902,0.000432865388866705,-0.000128059318708972,-0.000514898662074867,-0.000406634025475861,0.00070931060523644,0.00187781470008091,0.0022186768423787,0.00227051061779644,0.0024670035240941,0.00190748230102951,0.00329764623753555,0.00207300117638962,0.00341433209837269,0.00248650767698098,0.00172618603956336,0.00250983501682754,0.00189620589767979,0.00222874355308993,0.00253553416620492,0.0029513636318944,0.00193598841942905,0.00226392835473238,0.00315424500938352,0.00203607415092359,0.00293892542882399,0.00216360093844745,0.00144606258367384,0.00161801814031483,0.00144025485375691,0.00175624090708552,0.00180405738649934,0.00168146705839479,0.000932954672683624,0.00112717282397259,0.00152843491336615,0.00184301716501204,0.00160045000312414,0.000852857098000011,0.00208689107406053,0.00145104757035422,0.00213282006503922,0.00106653119208644,0.001419831220283,0.00153361337474749,0.00161821193218743,0.00201143974674479,0.000788440172071959,0.00120160793335082,0.00147969863619366,0.000714537593878841,0.00106677319404846,0.00144678858955991,0.000537355048595453,0.00169869645627297,0.00167565932847786,0.00108075982906986,0.000461564981967206,0.00129186895609615,0.000686322004702387,0.000613532381797266,0.000988079103875933,0.00186392480241,0.00175212719090276,0.000994322310455848,0.00070084117090889,0.00171094086747078,0.000730605509207968,0.000284382436683818,0.000668269863587649,0.00140952282478138,0.00177569653271134
2963.1385563589,-0.00136741019216503,-0.000915738529037372,-4.25847400912071e-05,-0.000345420738118264,0.00013925772169379,-0.000404016102317347,0.000351524492402538,-0.000740985677700727,-0.000261471885714532,-0.000307953588451821,0.000326781164239514,0.000384859907808295,-0.000415472218640989,0.000602948891481052,-0.00106053630698404,-0.000606470158004681,2.91569114394085e-05,-0.000329457499106914,9.62502080790359e-06,0.000152263084517474,0.000559612759144939,-0.00033711049989123,0.000304526169034947,0.000108222637337548,-0.000917992090381225,0.00022334749860537,-0.001458026189189,0.000116016562629713,0.000261659579928042,0.00111683103243818,0.000426881257563538,-0.000165925992479308,-0.000514962151923389,-0.000397724653819562,0.000684268486418477,0.00181776707271182,0.0022024392863066,0.002204317151528,0.00239564370961305,0.00184894277388047,0.00319935648577355,0.00203374311185314,0.00337584627782374,0.00244358111943906,0.00168268816267981,0.00248179935365498,0.00190594150648299,0.00221089044904148,0.00240982323820519,0.00287633135967227,0.00187213654784802,0.00222206471634943,0.00312845976589916,0.00197068739467201,0.002906380280169,0.00210473337113885,0.00140473641732362,0.00157836218029291,0.00142609909577543,0.00173391206741484,0.00171945099750244,0.00163423443991893,0.000954520153589252,0.0010965480572572,0.00144600668252939,0.00179706163170272,0.00158578071715805,0.000794697915394218,0.00204247612360372,0.00139046304162473,0.00206153816331058,0.00108283807189427,0.00139750588236742,0.0015189218844376,0.00157310366536029,0.00199087652274623,0.000792397276649271,0.0011292259275248,0.00145037288070925,0.000661309176370099,0.0010112844222726,0.00144290788183388,0.000538062078784185,0.00161150990148515,0.00162653436173352,0.00105790704951773,0.000411340484380303,0.0012928045115535,0.000661684872492551,0.000600037784999048,0.000961609764037604,0.00178696706766561,0.00171146937799676,0.00096724397509267,0.000672530521079137,0.00165493988092802,0.000723331959986055,0.000301990758675396,0.000624874960268827,0.00134778445442677,0.00176461822535429
2971.4149878172,-0.00136229823330543,-0.000998417038337269,-4.37110778492047e-05,-0.000351502179209565,0.000149860142499237,-0.00041693284611277,0.000322437136928412,-0.000770974242031183,-0.000271697970795888,-0.000293235996197564,0.00025238150000104,0.000375126255084748,-0.000435115658423796,0.000595676764399023,-0.00106425570343137,-0.0006081461162465,2.48029024034451e-05,-0.000378572398580654,1.559813039955e-05,0.000141154001933311,0.000564933966993452,-0.000367916603149104,0.000296228676299941,0.000123696849915206,-0.000920290287889823,0.000249797115247751,-0.00153823073798344,0.000162374959549342,0.000259953982083144,0.0011493653741177,0.000440828821729158,-0.000112225058101855,-0.000487986043074268,-0.000374128695050622,0.00059749032081495,0.00179460247812099,0.00215580806077242,0.00218659632338061,0.00233450651385604,0.00182135503539005,0.00310924456148515,0.00198060121638732,0.00329188778950265,0.00240156947068104,0.00166614455973192,0.00244314962717048,0.00182924488241599,0.00212107502323034,0.00238678763382148,0.00276703778752655,0.00183949238249845,0.00217557799496079,0.00307219903893099,0.00193956545369666,0.00286234949309271,0.00207192268181698,0.00140142950917491,0.00159110112263392,0.0013934490289019,0.00170382481217374,0.00169117389667394,0.00160869437310172,0.000879118426749467,0.00104090382445558,0.00143706947350404,0.00174948554488857,0.0015032709687446,0.000811239473542669,0.00199878373154016,0.00136651490798051,0.00204974992652764,0.001047523914548,0.00138660220711272,0.0015083494021623,0.00154076995469229,0.00193838633001021,0.000752474361934512,0.00115457990598509,0.00139299556550837,0.000677748289780344,0.00101836823901978,0.00145887969580511,0.000514103870455671,0.00160347984123432,0.0015975399462322,0.00106584282530873,0.000383016102110685,0.00126821052231197,0.000660653670750512,0.000575544297222373,0.000944367530000348,0.00178929731300652,0.00168677565834653,0.00100490102997999,0.000647368322521233,0.00166006856628009,0.000712481327322417,0.000213023492434798,0.000658069285997223,0.00132924265372959,0.00170078696402692
2979.73778307509,-0.00140097199034693,-0.000884454970093877,-1.48931763485216e-05,-0.000339312903603623,0.000164532311118963,-0.000463355652915607,0.000320330340405061,-0.000792369323246179,-0.000246167192397711,-0.000267017771628258,0.000328559404299415,0.000376419788132705,-0.000480369288837099,0.000597394570908843,-0.00106463778818432,-0.000632633439405941,9.79434619108024e-06,-0.000413829406397045,-8.12815264926758e-06,0.000140349675661333,0.000626019948002586,-0.000283021633385807,0.000331285662199442,0.000139087457956405,-0.000973410383204663,0.000275095303226712,-0.00154076615787548,0.000156403827613155,0.000289988479575233,0.00114622204841225,0.000431903106676751,-0.000102485460509294,-0.000528128430568762,-0.000451592710303998,0.000642124721005222,0.0017896089871224,0.00222696460959921,0.00220056060332352,0.00234469693209964,0.00183418760492288,0.00320678666171705,0.00200684806869111,0.00348132678766752,0.00245455321463524,0.00166798943111865,0.00246308534312139,0.00184413348340986,0.00216643242023545,0.00242451441839721,0.0029033690459884,0.00183287509702368,0.00222580363399591,0.00319613440451447,0.00193657215418709,0.00289579607061537,0.00212261113305793,0.00142015637603566,0.00158403226777676,0.00141763194062581,0.0017312981685767,0.00169176809073939,0.00165612557726195,0.00090868789574578,0.00110487457559377,0.00146205935698693,0.00178077412490099,0.00157489434096355,0.000760412220781893,0.00210095293301015,0.00142601253681606,0.00207853740233942,0.00105509588553422,0.00142505338370293,0.00154187684328451,0.00159746140393018,0.00197650620786128,0.000760311309536808,0.0010769056178779,0.00144141060024655,0.000663076211480854,0.000997996663642638,0.00147069239671817,0.000517173108774382,0.00163376033678549,0.00166748454403667,0.00103328615319055,0.000405095455420721,0.00126112720176757,0.00065974415525377,0.000582248951019336,0.000949076546307674,0.00181510413047923,0.0017377604585407,0.000987142583949885,0.000656109034434887,0.00170479358191247,0.000744913246106315,0.000270198295559442,0.000657169429649643,0.00138234278193444,0.00177244381890501
